-----START QUERY-----
CREATE TABLE users (
  id INTEGER PRIMARY KEY AUTOINCREMENT,
  username TEXT UNIQUE NOT NULL,
  password TEXT NOT NULL,
  email TEXT UNIQUE NOT NULL,
  created NUMERIC NOT NULL,
  updated NUMERIC
)
-----END QUERY-----
-----START QUERY-----
INSERT INTO users (username, password, email, created) VALUES ('alice', 'passw0rd', 'alice@example.com', datetime('2017-12-05'))
-----END QUERY-----
-----START QUERY-----
INSERT INTO users (username, password, email, created) VALUES ('bob', 'passw0rd', 'bob@example.com', datetime('2022-02-22'))
-----END QUERY-----
-----START QUERY-----
SELECT * FROM users;
-----END QUERY-----
-----START ROWS-----
+----+----------+----------+-------------------+---------------------+---------+
| id | username | password |       email       |       created       | updated |
+----+----------+----------+-------------------+---------------------+---------+
|  1 | alice    | passw0rd | alice@example.com | 2017-12-05 00:00:00 | <nil>   |
|  2 | bob      | passw0rd | bob@example.com   | 2022-02-22 00:00:00 | <nil>   |
+----+----------+----------+-------------------+---------------------+---------+
(2 rows)
-----END ROWS-----
-----START QUERY-----
INSERT INTO users (username, password, email, created) VALUES ('charlie', 'passw0rd', 'charlie@example.com', datetime('2022-02-22'))
-----END QUERY-----
-----START QUERY-----
SELECT * FROM users WHERE id = 3
-----END QUERY-----
-----START ROWS-----
+----+----------+----------+---------------------+---------------------+---------+
| id | username | password |        email        |       created       | updated |
+----+----------+----------+---------------------+---------------------+---------+
|  3 | charlie  | passw0rd | charlie@example.com | 2022-02-22 00:00:00 | <nil>   |
+----+----------+----------+---------------------+---------------------+---------+
(1 row)
-----END ROWS-----
-----START QUERY-----
SELECT COUNT(*) AS c FROM users
-----END QUERY-----
-----START ROWS-----
+---+
| c |
+---+
| 3 |
+---+
(1 row)
-----END ROWS-----
